[{"model": "admin.logentry", "pk": 1, "fields": {"action_time": "2020-11-03T19:19:05.075Z", "user": 1, "content_type": 6, "object_id": "2", "object_repr": "namna@gmail.com", "action_flag": 2, "change_message": "[{\"changed\": {\"fields\": [\"User type\", \"Last login\"]}}]"}}, {"model": "admin.logentry", "pk": 2, "fields": {"action_time": "2020-11-03T19:19:49.391Z", "user": 1, "content_type": 6, "object_id": "9", "object_repr": "naveen@gmail.com", "action_flag": 2, "change_message": "[{\"changed\": {\"fields\": [\"User type\", \"Last login\"]}}]"}}, {"model": "admin.logentry", "pk": 3, "fields": {"action_time": "2020-11-03T22:01:46.750Z", "user": 1, "content_type": 10, "object_id": "Grocery", "object_repr": "Grocery", "action_flag": 1, "change_message": "[{\"added\": {}}]"}}, {"model": "admin.logentry", "pk": 4, "fields": {"action_time": "2020-11-03T22:01:59.809Z", "user": 1, "content_type": 10, "object_id": "Dairy and Eggs", "object_repr": "Dairy and Eggs", "action_flag": 1, "change_message": "[{\"added\": {}}]"}}, {"model": "admin.logentry", "pk": 5, "fields": {"action_time": "2020-11-03T22:02:28.133Z", "user": 1, "content_type": 10, "object_id": "Electronics", "object_repr": "Electronics", "action_flag": 1, "change_message": "[{\"added\": {}}]"}}, {"model": "admin.logentry", "pk": 6, "fields": {"action_time": "2020-11-03T22:03:01.751Z", "user": 1, "content_type": 10, "object_id": "Clothing", "object_repr": "Clothing", "action_flag": 1, "change_message": "[{\"added\": {}}]"}}, {"model": "admin.logentry", "pk": 7, "fields": {"action_time": "2020-11-03T22:04:21.238Z", "user": 1, "content_type": 6, "object_id": "4", "object_repr": "punam@gmail.com", "action_flag": 2, "change_message": "[{\"changed\": {\"fields\": [\"User type\", \"Last login\"]}}]"}}, {"model": "admin.logentry", "pk": 8, "fields": {"action_time": "2020-11-03T22:04:33.190Z", "user": 1, "content_type": 6, "object_id": "3", "object_repr": "dikila@gmail.com", "action_flag": 2, "change_message": "[{\"changed\": {\"fields\": [\"User type\", \"Last login\"]}}]"}}, {"model": "admin.logentry", "pk": 9, "fields": {"action_time": "2020-11-03T22:08:13.685Z", "user": 1, "content_type": 8, "object_id": "3", "object_repr": "Shop profile for dikila@gmail.com", "action_flag": 1, "change_message": "[{\"added\": {}}]"}}, {"model": "admin.logentry", "pk": 10, "fields": {"action_time": "2020-11-03T22:15:06.253Z", "user": 1, "content_type": 8, "object_id": "4", "object_repr": "Shop profile for punam@gmail.com", "action_flag": 1, "change_message": "[{\"added\": {}}]"}}, {"model": "admin.logentry", "pk": 11, "fields": {"action_time": "2020-11-03T22:15:44.227Z", "user": 1, "content_type": 9, "object_id": "1", "object_repr": "Shop item for dikila@gmail.com", "action_flag": 1, "change_message": "[{\"added\": {}}]"}}, {"model": "admin.logentry", "pk": 12, "fields": {"action_time": "2020-11-03T22:16:24.707Z", "user": 1, "content_type": 9, "object_id": "2", "object_repr": "Shop item for dikila@gmail.com", "action_flag": 1, "change_message": "[{\"added\": {}}]"}}, {"model": "admin.logentry", "pk": 13, "fields": {"action_time": "2020-11-03T22:18:06.558Z", "user": 1, "content_type": 9, "object_id": "3", "object_repr": "Shop item for dikila@gmail.com", "action_flag": 1, "change_message": "[{\"added\": {}}]"}}, {"model": "admin.logentry", "pk": 14, "fields": {"action_time": "2020-11-03T22:18:45.279Z", "user": 1, "content_type": 9, "object_id": "4", "object_repr": "Shop item for punam@gmail.com", "action_flag": 1, "change_message": "[{\"added\": {}}]"}}, {"model": "admin.logentry", "pk": 15, "fields": {"action_time": "2020-11-03T22:19:31.525Z", "user": 1, "content_type": 9, "object_id": "5", "object_repr": "Shop item for punam@gmail.com", "action_flag": 1, "change_message": "[{\"added\": {}}]"}}, {"model": "admin.logentry", "pk": 16, "fields": {"action_time": "2020-11-04T19:59:23.162Z", "user": 1, "content_type": 8, "object_id": "1", "object_repr": "Shop profile for dikila@gmail.com", "action_flag": 1, "change_message": "[{\"added\": {}}]"}}, {"model": "admin.logentry", "pk": 17, "fields": {"action_time": "2020-11-04T19:59:44.014Z", "user": 1, "content_type": 8, "object_id": "2", "object_repr": "Shop profile for punam@gmail.com", "action_flag": 1, "change_message": "[{\"added\": {}}]"}}, {"model": "admin.logentry", "pk": 18, "fields": {"action_time": "2020-11-04T20:35:48.083Z", "user": 1, "content_type": 8, "object_id": "2", "object_repr": "Shop profile for punam@gmail.com", "action_flag": 2, "change_message": "[{\"changed\": {\"fields\": [\"Is verified\", \"Free delivery\"]}}]"}}, {"model": "admin.logentry", "pk": 19, "fields": {"action_time": "2020-11-05T22:04:15.483Z", "user": 1, "content_type": 9, "object_id": "1", "object_repr": "Shop item for test11@gmail.com", "action_flag": 1, "change_message": "[{\"added\": {}}]"}}, {"model": "admin.logentry", "pk": 20, "fields": {"action_time": "2020-11-06T10:45:21.056Z", "user": 1, "content_type": 6, "object_id": "22", "object_repr": "dichen@gmail.com", "action_flag": 3, "change_message": ""}}, {"model": "admin.logentry", "pk": 21, "fields": {"action_time": "2020-11-06T10:45:21.216Z", "user": 1, "content_type": 6, "object_id": "21", "object_repr": "rathee@gmail.com", "action_flag": 3, "change_message": ""}}, {"model": "admin.logentry", "pk": 22, "fields": {"action_time": "2020-11-06T10:51:55.851Z", "user": 1, "content_type": 6, "object_id": "24", "object_repr": "dichen@gmail.com", "action_flag": 3, "change_message": ""}}, {"model": "admin.logentry", "pk": 23, "fields": {"action_time": "2020-11-06T10:51:56.193Z", "user": 1, "content_type": 6, "object_id": "23", "object_repr": "jabsons@gmail.com", "action_flag": 3, "change_message": ""}}, {"model": "admin.logentry", "pk": 24, "fields": {"action_time": "2020-11-06T22:36:04.147Z", "user": 1, "content_type": 10, "object_id": "Opticals", "object_repr": "Opticals", "action_flag": 1, "change_message": "[{\"added\": {}}]"}}, {"model": "admin.logentry", "pk": 25, "fields": {"action_time": "2020-11-06T22:36:17.585Z", "user": 1, "content_type": 10, "object_id": "Home Appliances", "object_repr": "Home Appliances", "action_flag": 1, "change_message": "[{\"added\": {}}]"}}, {"model": "admin.logentry", "pk": 26, "fields": {"action_time": "2020-11-06T22:36:52.243Z", "user": 1, "content_type": 10, "object_id": "Laptops and Computers", "object_repr": "Laptops and Computers", "action_flag": 1, "change_message": "[{\"added\": {}}]"}}, {"model": "admin.logentry", "pk": 27, "fields": {"action_time": "2020-11-06T22:37:23.549Z", "user": 1, "content_type": 10, "object_id": "Cosmetics", "object_repr": "Cosmetics", "action_flag": 1, "change_message": "[{\"added\": {}}]"}}, {"model": "admin.logentry", "pk": 28, "fields": {"action_time": "2020-11-06T22:37:33.838Z", "user": 1, "content_type": 10, "object_id": "Medical", "object_repr": "Medical", "action_flag": 1, "change_message": "[{\"added\": {}}]"}}, {"model": "admin.logentry", "pk": 29, "fields": {"action_time": "2020-11-06T22:37:46.754Z", "user": 1, "content_type": 10, "object_id": "Cakes", "object_repr": "Cakes", "action_flag": 1, "change_message": "[{\"added\": {}}]"}}, {"model": "admin.logentry", "pk": 30, "fields": {"action_time": "2020-11-06T22:37:55.540Z", "user": 1, "content_type": 10, "object_id": "Books and Magazines", "object_repr": "Books and Magazines", "action_flag": 1, "change_message": "[{\"added\": {}}]"}}, {"model": "admin.logentry", "pk": 31, "fields": {"action_time": "2020-11-06T22:38:04.236Z", "user": 1, "content_type": 10, "object_id": "Gift", "object_repr": "Gift", "action_flag": 1, "change_message": "[{\"added\": {}}]"}}, {"model": "admin.logentry", "pk": 32, "fields": {"action_time": "2020-11-13T08:35:38.992Z", "user": 1, "content_type": 11, "object_id": "1", "object_repr": "Sikkim", "action_flag": 3, "change_message": ""}}, {"model": "admin.logentry", "pk": 33, "fields": {"action_time": "2020-11-13T21:09:45.635Z", "user": 1, "content_type": 11, "object_id": "4", "object_repr": "", "action_flag": 3, "change_message": ""}}, {"model": "admin.logentry", "pk": 34, "fields": {"action_time": "2020-11-14T22:26:49.069Z", "user": 1, "content_type": 11, "object_id": "5", "object_repr": "Hinjewadi, Pune", "action_flag": 3, "change_message": ""}}, {"model": "admin.logentry", "pk": 35, "fields": {"action_time": "2020-11-14T22:26:49.469Z", "user": 1, "content_type": 11, "object_id": "3", "object_repr": "West Bengal", "action_flag": 3, "change_message": ""}}, {"model": "admin.logentry", "pk": 36, "fields": {"action_time": "2020-11-14T22:40:44.867Z", "user": 1, "content_type": 11, "object_id": "8", "object_repr": "WB", "action_flag": 3, "change_message": ""}}, {"model": "admin.logentry", "pk": 37, "fields": {"action_time": "2020-11-14T22:40:45.127Z", "user": 1, "content_type": 11, "object_id": "7", "object_repr": "WB", "action_flag": 3, "change_message": ""}}, {"model": "admin.logentry", "pk": 38, "fields": {"action_time": "2020-11-14T22:48:18.754Z", "user": 1, "content_type": 11, "object_id": "9", "object_repr": "wb", "action_flag": 3, "change_message": ""}}, {"model": "admin.logentry", "pk": 39, "fields": {"action_time": "2020-11-14T22:48:18.934Z", "user": 1, "content_type": 11, "object_id": "6", "object_repr": "Maharashtra", "action_flag": 3, "change_message": ""}}, {"model": "admin.logentry", "pk": 40, "fields": {"action_time": "2020-11-14T22:50:37.444Z", "user": 1, "content_type": 11, "object_id": "10", "object_repr": "asd", "action_flag": 3, "change_message": ""}}, {"model": "admin.logentry", "pk": 41, "fields": {"action_time": "2020-11-14T22:50:37.774Z", "user": 1, "content_type": 11, "object_id": "2", "object_repr": "Sikkim", "action_flag": 3, "change_message": ""}}, {"model": "admin.logentry", "pk": 42, "fields": {"action_time": "2020-11-14T22:52:17.324Z", "user": 1, "content_type": 11, "object_id": "11", "object_repr": "asdasd", "action_flag": 3, "change_message": ""}}, {"model": "admin.logentry", "pk": 43, "fields": {"action_time": "2020-11-15T13:40:41.171Z", "user": 1, "content_type": 11, "object_id": "14", "object_repr": "Maharashtra", "action_flag": 3, "change_message": ""}}, {"model": "admin.logentry", "pk": 44, "fields": {"action_time": "2020-11-15T14:05:45.403Z", "user": 1, "content_type": 11, "object_id": "1", "object_repr": "Sikkim", "action_flag": 2, "change_message": "[{\"changed\": {\"fields\": [\"Is active\"]}}]"}}, {"model": "auth.permission", "pk": 1, "fields": {"name": "Can add log entry", "content_type": 1, "codename": "add_logentry"}}, {"model": "auth.permission", "pk": 2, "fields": {"name": "Can change log entry", "content_type": 1, "codename": "change_logentry"}}, {"model": "auth.permission", "pk": 3, "fields": {"name": "Can delete log entry", "content_type": 1, "codename": "delete_logentry"}}, {"model": "auth.permission", "pk": 4, "fields": {"name": "Can view log entry", "content_type": 1, "codename": "view_logentry"}}, {"model": "auth.permission", "pk": 5, "fields": {"name": "Can add permission", "content_type": 2, "codename": "add_permission"}}, {"model": "auth.permission", "pk": 6, "fields": {"name": "Can change permission", "content_type": 2, "codename": "change_permission"}}, {"model": "auth.permission", "pk": 7, "fields": {"name": "Can delete permission", "content_type": 2, "codename": "delete_permission"}}, {"model": "auth.permission", "pk": 8, "fields": {"name": "Can view permission", "content_type": 2, "codename": "view_permission"}}, {"model": "auth.permission", "pk": 9, "fields": {"name": "Can add group", "content_type": 3, "codename": "add_group"}}, {"model": "auth.permission", "pk": 10, "fields": {"name": "Can change group", "content_type": 3, "codename": "change_group"}}, {"model": "auth.permission", "pk": 11, "fields": {"name": "Can delete group", "content_type": 3, "codename": "delete_group"}}, {"model": "auth.permission", "pk": 12, "fields": {"name": "Can view group", "content_type": 3, "codename": "view_group"}}, {"model": "auth.permission", "pk": 13, "fields": {"name": "Can add content type", "content_type": 4, "codename": "add_contenttype"}}, {"model": "auth.permission", "pk": 14, "fields": {"name": "Can change content type", "content_type": 4, "codename": "change_contenttype"}}, {"model": "auth.permission", "pk": 15, "fields": {"name": "Can delete content type", "content_type": 4, "codename": "delete_contenttype"}}, {"model": "auth.permission", "pk": 16, "fields": {"name": "Can view content type", "content_type": 4, "codename": "view_contenttype"}}, {"model": "auth.permission", "pk": 17, "fields": {"name": "Can add session", "content_type": 5, "codename": "add_session"}}, {"model": "auth.permission", "pk": 18, "fields": {"name": "Can change session", "content_type": 5, "codename": "change_session"}}, {"model": "auth.permission", "pk": 19, "fields": {"name": "Can delete session", "content_type": 5, "codename": "delete_session"}}, {"model": "auth.permission", "pk": 20, "fields": {"name": "Can view session", "content_type": 5, "codename": "view_session"}}, {"model": "auth.permission", "pk": 21, "fields": {"name": "Can add user", "content_type": 6, "codename": "add_user"}}, {"model": "auth.permission", "pk": 22, "fields": {"name": "Can change user", "content_type": 6, "codename": "change_user"}}, {"model": "auth.permission", "pk": 23, "fields": {"name": "Can delete user", "content_type": 6, "codename": "delete_user"}}, {"model": "auth.permission", "pk": 24, "fields": {"name": "Can view user", "content_type": 6, "codename": "view_user"}}, {"model": "auth.permission", "pk": 25, "fields": {"name": "Can add auth token", "content_type": 7, "codename": "add_authtoken"}}, {"model": "auth.permission", "pk": 26, "fields": {"name": "Can change auth token", "content_type": 7, "codename": "change_authtoken"}}, {"model": "auth.permission", "pk": 27, "fields": {"name": "Can delete auth token", "content_type": 7, "codename": "delete_authtoken"}}, {"model": "auth.permission", "pk": 28, "fields": {"name": "Can view auth token", "content_type": 7, "codename": "view_authtoken"}}, {"model": "auth.permission", "pk": 29, "fields": {"name": "Can add shop profile", "content_type": 8, "codename": "add_shopprofile"}}, {"model": "auth.permission", "pk": 30, "fields": {"name": "Can change shop profile", "content_type": 8, "codename": "change_shopprofile"}}, {"model": "auth.permission", "pk": 31, "fields": {"name": "Can delete shop profile", "content_type": 8, "codename": "delete_shopprofile"}}, {"model": "auth.permission", "pk": 32, "fields": {"name": "Can view shop profile", "content_type": 8, "codename": "view_shopprofile"}}, {"model": "auth.permission", "pk": 33, "fields": {"name": "Can add shop items", "content_type": 9, "codename": "add_shopitems"}}, {"model": "auth.permission", "pk": 34, "fields": {"name": "Can change shop items", "content_type": 9, "codename": "change_shopitems"}}, {"model": "auth.permission", "pk": 35, "fields": {"name": "Can delete shop items", "content_type": 9, "codename": "delete_shopitems"}}, {"model": "auth.permission", "pk": 36, "fields": {"name": "Can view shop items", "content_type": 9, "codename": "view_shopitems"}}, {"model": "auth.permission", "pk": 37, "fields": {"name": "Can add category", "content_type": 10, "codename": "add_category"}}, {"model": "auth.permission", "pk": 38, "fields": {"name": "Can change category", "content_type": 10, "codename": "change_category"}}, {"model": "auth.permission", "pk": 39, "fields": {"name": "Can delete category", "content_type": 10, "codename": "delete_category"}}, {"model": "auth.permission", "pk": 40, "fields": {"name": "Can view category", "content_type": 10, "codename": "view_category"}}, {"model": "auth.permission", "pk": 41, "fields": {"name": "Can add addresses", "content_type": 11, "codename": "add_addresses"}}, {"model": "auth.permission", "pk": 42, "fields": {"name": "Can change addresses", "content_type": 11, "codename": "change_addresses"}}, {"model": "auth.permission", "pk": 43, "fields": {"name": "Can delete addresses", "content_type": 11, "codename": "delete_addresses"}}, {"model": "auth.permission", "pk": 44, "fields": {"name": "Can view addresses", "content_type": 11, "codename": "view_addresses"}}, {"model": "contenttypes.contenttype", "pk": 1, "fields": {"app_label": "admin", "model": "logentry"}}, {"model": "contenttypes.contenttype", "pk": 2, "fields": {"app_label": "auth", "model": "permission"}}, {"model": "contenttypes.contenttype", "pk": 3, "fields": {"app_label": "auth", "model": "group"}}, {"model": "contenttypes.contenttype", "pk": 4, "fields": {"app_label": "contenttypes", "model": "contenttype"}}, {"model": "contenttypes.contenttype", "pk": 5, "fields": {"app_label": "sessions", "model": "session"}}, {"model": "contenttypes.contenttype", "pk": 6, "fields": {"app_label": "accounts", "model": "user"}}, {"model": "contenttypes.contenttype", "pk": 7, "fields": {"app_label": "knox", "model": "authtoken"}}, {"model": "contenttypes.contenttype", "pk": 8, "fields": {"app_label": "shopkeeperapp", "model": "shopprofile"}}, {"model": "contenttypes.contenttype", "pk": 9, "fields": {"app_label": "shopkeeperapp", "model": "shopitems"}}, {"model": "contenttypes.contenttype", "pk": 10, "fields": {"app_label": "shopkeeperapp", "model": "category"}}, {"model": "contenttypes.contenttype", "pk": 11, "fields": {"app_label": "customerapp", "model": "addresses"}}, {"model": "sessions.session", "pk": "g753rt2qe5a6odc6s4xgvbmc8adqhlqk", "fields": {"session_data": ".eJxVjDsOwjAQBe_iGln-fyjpcwZr7d3gAHKkOKkQd0eWUkD7Zua9WYJjr-notKUF2ZVJdvndMpQntQHwAe2-8rK2fVsyHwo_aefTivS6ne7fQYVeR21UUC6iMEoZGcFLVIQhZLKUEYwHb8scjEOPRrsSs86gi7SzELo4YJ8v2WE3_A:1ka5Zw:3Ac5ddUn40RFSi9Ui94j5DlpxtfQHQtCaveS7V55dmM", "expire_date": "2020-11-17T23:19:04.587Z"}}, {"model": "knox.authtoken", "pk": "00a9c9d88119a62098bde88f6947eddd75a1060b8bd6d06e822377f40af1015314b5c26f712987e84560ad416a7b9915f21422d1b312ee057cb480b0ccb7772c", "fields": {"token_key": "9385e618", "salt": "d565fd300a035a8f", "user": 20, "created": "2020-11-05T20:57:22.438Z", "expiry": "2020-11-06T06:57:22.438Z"}}, {"model": "knox.authtoken", "pk": "089504fc50ad6ee45302f3b74bbc3a28e1e4c35fb57516b380966aed00dd9dbb17c9f1ffed3b020659706e18f91a7c48f9f2c6b87af5fcda2d72dca40c74cffc", "fields": {"token_key": "9086f727", "salt": "9f024406cfb8ebbb", "user": 16, "created": "2020-11-05T20:57:03.960Z", "expiry": "2020-11-06T06:57:03.959Z"}}, {"model": "knox.authtoken", "pk": "3643669b0cf67ec0961bd9f87fbdc2e0cae104bd6028a44c4abcc858f948e639438d76b439c6d6ea12d060bdd26ae40b7c64b08776203f61a596463d314364fe", "fields": {"token_key": "f94bfefa", "salt": "f5cbdb7b880b5c61", "user": 10, "created": "2020-11-03T19:31:37.691Z", "expiry": "2020-11-04T05:31:37.691Z"}}, {"model": "knox.authtoken", "pk": "48a0e3091c499fe2c75d3383d4f897fce0f8ac6259795983bd36e71c212241ec46db167c703746bf5c91e91d176487f2c579d8d802cd2c84dd6e5e5e528f6c72", "fields": {"token_key": "67fc82f7", "salt": "e6488c2059255793", "user": 10, "created": "2020-11-03T19:31:02.782Z", "expiry": "2020-11-04T05:31:02.781Z"}}, {"model": "knox.authtoken", "pk": "507ec2f0a4578c21092d05c8a2cf3b5f3f5f95a599e76426a7592ceebe10b13142f764560f99ab7549bbcf61baaa7df7ee49a062be3803f57a1a18ba8e517b1d", "fields": {"token_key": "338ebebf", "salt": "321a05772ef30612", "user": 1, "created": "2020-11-03T08:30:56.816Z", "expiry": "2020-11-03T18:30:56.815Z"}}, {"model": "knox.authtoken", "pk": "51ef6477d4161174f9c0d696f4ba5d475177ab6760b94ced6b3cbea6fdba06642eaf960dcdcd8833703c3bed55146834cd6f199157de8b801d78f27d32a1cd77", "fields": {"token_key": "170e134b", "salt": "53b878ccb3f880f9", "user": 13, "created": "2020-11-05T20:57:01.841Z", "expiry": "2020-11-06T06:57:01.841Z"}}, {"model": "knox.authtoken", "pk": "520728198f5509398754799ed64a4e6b0db7e4a9dbaf06ca7883e95721640431536a2b01bb9f78642fcaa59ac12f48aa3612ae18f256798d9ed18c2f04354c70", "fields": {"token_key": "e88bcbd8", "salt": "9b84d8236349048f", "user": 9, "created": "2020-11-03T09:27:27.632Z", "expiry": "2020-11-03T19:27:27.631Z"}}, {"model": "knox.authtoken", "pk": "586f120d5dcf705239e26ae155e4bfd246fdb1df09239c5c98396e8b3de77b40eeb0d8cf119817365ab6555024cfb1afc68361f964c2425d3707c5abfa70f42b", "fields": {"token_key": "854df06c", "salt": "c10a7ffda4fd7bcb", "user": 1, "created": "2020-11-07T20:45:44.121Z", "expiry": "2020-11-08T06:45:44.111Z"}}, {"model": "knox.authtoken", "pk": "5d34d5b14a61cbddbe82baafb7f288374f14b562326fdaf2da744432ae2b02e2b4a53d51ce746461e6607f6de6dd7dc3aa8ed51ef0534e80b3f2bc6d31891791", "fields": {"token_key": "cdc6c14d", "salt": "a97d98c6ca802862", "user": 14, "created": "2020-11-05T20:57:02.610Z", "expiry": "2020-11-06T06:57:02.609Z"}}, {"model": "knox.authtoken", "pk": "6c361da3691a1e865be107d376b0a892223f90c2cd312716a98d1a41d6c11d93fd59171626617cc0a9f6dc42c7eded29a68f94aec901cda057270805c83e3aac", "fields": {"token_key": "b50cb943", "salt": "91507f78464a716c", "user": 4, "created": "2020-11-03T09:02:30.225Z", "expiry": "2020-11-03T19:02:30.224Z"}}, {"model": "knox.authtoken", "pk": "71c66a9913eede1c320f04393d861886fcd5466db5391d9d32023fc3203545e8f1a258311478e11fe3073f2489f6f11d2423583cea9acc58a371c9c4f01d682c", "fields": {"token_key": "e70a6957", "salt": "c95f8ba94bc62908", "user": 1, "created": "2020-11-07T20:42:34.922Z", "expiry": "2020-11-08T06:42:34.922Z"}}, {"model": "knox.authtoken", "pk": "80e9e5b79ac046661d6fa6a033f74b20e636fee3e3cf6b8c25733bb1e5d3c6639f63078f6281e5fa11d14e26a50693677fedc38420d264d5cdd91556865d5314", "fields": {"token_key": "5839d3c8", "salt": "d19e7e445b371a29", "user": 25, "created": "2020-11-13T09:15:46.188Z", "expiry": "2020-11-13T19:15:46.187Z"}}, {"model": "knox.authtoken", "pk": "8dd4ff1c689c43b45786e5b60df081af4a147c115017a6c1ec03e591fed39c4f44bce869fac052f3b150aebd29d3edd7a88b4b15604da0c821ab67b4182eba0b", "fields": {"token_key": "4fd7f2ef", "salt": "56f037d7d5b2e7b5", "user": 7, "created": "2020-11-03T09:26:19.096Z", "expiry": "2020-11-03T19:26:19.095Z"}}, {"model": "knox.authtoken", "pk": "916140ae004f91c21b71caa850827d57b5eb24d69a857df68dcdca51002e2a9ac2793c2fb7cfee2f338d5573828b235011681c12c01c5feb5f7d765fad76b210", "fields": {"token_key": "c2bba595", "salt": "27bf12e4bea2e9a1", "user": 2, "created": "2020-11-03T08:48:14.215Z", "expiry": "2020-11-03T18:48:14.214Z"}}, {"model": "knox.authtoken", "pk": "9185b4b58458bdcf54d24a6cef0348ec619c014184962f8f9d4f555b7113b57894c7e187567323419d74f8d60488768db063b68c6749228a734c95c52f149bc0", "fields": {"token_key": "2031b643", "salt": "446c6d9beaa0bd52", "user": 11, "created": "2020-11-05T20:46:21.266Z", "expiry": "2020-11-06T06:46:21.265Z"}}, {"model": "knox.authtoken", "pk": "96553654e8c1e53f6792c3c09c8eceef067dcf1c68f62a747475957fe1508e0f7e6600343869b8b3316861f2be4f8fcabde12ff50de0dc771d56f700059e76ac", "fields": {"token_key": "e53f3183", "salt": "b50d6056a11eea97", "user": 19, "created": "2020-11-05T20:57:05.971Z", "expiry": "2020-11-06T06:57:05.970Z"}}, {"model": "knox.authtoken", "pk": "9a8fe102d3f9f440d58bbcd22b297b2e1e7eaf52ab3f2eb6d498f3cc663702dd072fb1d9e70149108e34558c63420ea0566829b74a039c807edecc85f81e9afd", "fields": {"token_key": "49691ed0", "salt": "77c1bdab90b05d70", "user": 6, "created": "2020-11-03T09:15:54.353Z", "expiry": "2020-11-03T19:15:54.352Z"}}, {"model": "knox.authtoken", "pk": "a5b9ab236ad67e8013b4da60a9024f0baf6930b78956941f7dfa1c00ec638d9e49e8649a5b43fc137437eca6dd726b9881a1997fb5c52812443d80dc724522fe", "fields": {"token_key": "5b435207", "salt": "e07be9484e0ad684", "user": 18, "created": "2020-11-05T20:57:05.286Z", "expiry": "2020-11-06T06:57:05.285Z"}}, {"model": "knox.authtoken", "pk": "bc6e242d3736a52c12c4a2e656804341084145a69dcafe58aa1301e6e068e52a81d8b516e7eb8ac75769f9732022e43ee5c8083ad3d242728a07ca217ddd6c63", "fields": {"token_key": "f417ebeb", "salt": "f2468fa08031bf28", "user": 3, "created": "2020-11-03T09:00:16.958Z", "expiry": "2020-11-03T19:00:16.957Z"}}, {"model": "knox.authtoken", "pk": "bcc963613f468f9e4017bcd88e6a93102882a778549350ad575118e9c2347c6d6bdfc6a2cc6c7c2937327103ae596174c6c662f00a3934dacd2cea21cd48e3c6", "fields": {"token_key": "5b76991f", "salt": "b3028398fc5e21f4", "user": 17, "created": "2020-11-05T20:57:04.628Z", "expiry": "2020-11-06T06:57:04.628Z"}}, {"model": "knox.authtoken", "pk": "cae5ddcdf3a5af07ec01a8ecfcf04ec94386e538f927b2b9722d25ace61570b9713181fadcecf0827f3597175eea7230535a462c3806797b4391e8570d028c5c", "fields": {"token_key": "304d8175", "salt": "a293f43eded3c66a", "user": 7, "created": "2020-11-03T09:30:05.542Z", "expiry": "2020-11-03T19:30:05.542Z"}}, {"model": "knox.authtoken", "pk": "cf30b3cd8bcaa0964e3cbcf3ca5a295eab2fcbbe50242d96ba4ba071b7edf1ac57079e90064c02cf12c7f2fb6e18a49c178840004c7dd393bafe00025afe9e47", "fields": {"token_key": "aedb09c7", "salt": "94cb65852c8744a7", "user": 2, "created": "2020-11-03T09:29:47.498Z", "expiry": "2020-11-03T19:29:47.497Z"}}, {"model": "knox.authtoken", "pk": "e406e226e70221d5c5b647a079a973f107d521274a01b8d268e520cb8185d92fc44fa3b3d8f8a9417ccfb75545ed480f1f795143d50bacb704760c42692a534b", "fields": {"token_key": "a0738d32", "salt": "44a6b7e096159566", "user": 3, "created": "2020-11-03T09:29:57.824Z", "expiry": "2020-11-03T19:29:57.824Z"}}, {"model": "knox.authtoken", "pk": "f5e1459e1daa9359b3e31e8fb2e949e53937f73fe668a40489f7263d451d8b36bded7e9b232ce1c281253fba22e4ab5bc0a694705d94fc5797b2f517934075dd", "fields": {"token_key": "cb61332a", "salt": "eeb87f62b09a5d98", "user": 12, "created": "2020-11-05T20:57:01.009Z", "expiry": "2020-11-06T06:57:01.009Z"}}, {"model": "knox.authtoken", "pk": "fc44a4758c988d59fb214b58101e165e2b65d675154f43532dbad4e3e12bced08a80cbfc6fbaeb2754da94d427680079da0e564ac1c6d2068158cc7b0035d4a4", "fields": {"token_key": "dd2c3807", "salt": "6fdb8c860c5182f1", "user": 1, "created": "2020-11-03T08:37:39.574Z", "expiry": "2020-11-03T18:37:39.573Z"}}, {"model": "knox.authtoken", "pk": "fc8088715b854384085448c9d7af32f9cde0cbc156e8a38941ce86c46da5ef2bae997082f1e5980b07ad4c13ca55258175e3e78c976a82bd4e07cdcf7c51a2a1", "fields": {"token_key": "84fd76c1", "salt": "de81025eade14054", "user": 15, "created": "2020-11-05T20:57:03.286Z", "expiry": "2020-11-06T06:57:03.285Z"}}, {"model": "accounts.user", "pk": 1, "fields": {"password": "pbkdf2_sha256$216000$ij7F46dunqXl$et5WtAIl/hVN8PAHd6OyL1fZ92/lhV/L+DZdrlvfCes=", "is_superuser": true, "email": "test@gmail.com", "name": "test", "phone": "9874657384", "date_of_birth": null, "user_type": "ADMIN", "is_staff": true, "is_active": true, "date_joined": "2020-11-02T21:41:55.752Z", "last_login": "2020-11-03T23:19:04.407Z", "groups": [], "user_permissions": []}}, {"model": "accounts.user", "pk": 2, "fields": {"password": "pbkdf2_sha256$216000$CG53zsFzM78h$bYoc74DWaDwtmgNXoyYm7/xFH+Ka+3mIWm9+J7DFhFs=", "is_superuser": false, "email": "namna@gmail.com", "name": "namna", "phone": "9872635152", "date_of_birth": null, "user_type": "CUSTOMER", "is_staff": false, "is_active": true, "date_joined": "2020-11-03T08:47:23Z", "last_login": "2020-11-03T19:19:03Z", "groups": [], "user_permissions": []}}, {"model": "accounts.user", "pk": 3, "fields": {"password": "pbkdf2_sha256$216000$mDpd82erjGm3$c+53uJQA6T72UeePZZttGhK9yw2mBQqXqOKM898T68g=", "is_superuser": false, "email": "dikila@gmail.com", "name": "Devki", "phone": "9872635152", "date_of_birth": null, "user_type": "SHOPKEEPER", "is_staff": false, "is_active": true, "date_joined": "2020-11-03T09:00:16Z", "last_login": "2020-11-03T22:04:31Z", "groups": [], "user_permissions": []}}, {"model": "accounts.user", "pk": 4, "fields": {"password": "pbkdf2_sha256$216000$QesZyjVjv3YL$Ww1gYlqg5f5EzT5w8TrR67K7WhAmLDklpzQUfE6FJfU=", "is_superuser": false, "email": "punam@gmail.com", "name": "PK Yogi", "phone": "9872635152", "date_of_birth": "1990-08-20", "user_type": "SHOPKEEPER", "is_staff": false, "is_active": true, "date_joined": "2020-11-03T09:02:29Z", "last_login": "2020-11-03T22:04:19Z", "groups": [], "user_permissions": []}}, {"model": "accounts.user", "pk": 5, "fields": {"password": "pbkdf2_sha256$216000$7tjr0DRH0hZ1$t8q+5epAJK1m0XsWq22+CL/oLwjM41kGndkGyFQG7Ag=", "is_superuser": false, "email": "test123@gmail.com", "name": "test123", "phone": "98767865453", "date_of_birth": null, "user_type": "ADMIN", "is_staff": false, "is_active": true, "date_joined": "2020-11-03T09:07:44.680Z", "last_login": null, "groups": [], "user_permissions": []}}, {"model": "accounts.user", "pk": 6, "fields": {"password": "pbkdf2_sha256$216000$WLuUKQAI6hGo$hBlI9UTOfALnIcOv0/ZKjFnhcw0gLOwhGNjsuAY4Pck=", "is_superuser": false, "email": "nikita@gmail.com", "name": "Nikita", "phone": "9872635152", "date_of_birth": null, "user_type": "ADMIN", "is_staff": false, "is_active": true, "date_joined": "2020-11-03T09:15:53.621Z", "last_login": null, "groups": [], "user_permissions": []}}, {"model": "accounts.user", "pk": 7, "fields": {"password": "pbkdf2_sha256$216000$Az86gl1Y00sL$Mttsx5fL6zButz+tvR3ui0xONheYHh3K5CC1Lj11/7Q=", "is_superuser": false, "email": "darshit@gmail.com", "name": "Nikita", "phone": "9872635152", "date_of_birth": "1990-08-20", "user_type": "ADMIN", "is_staff": false, "is_active": true, "date_joined": "2020-11-03T09:26:18.295Z", "last_login": null, "groups": [], "user_permissions": []}}, {"model": "accounts.user", "pk": 8, "fields": {"password": "pbkdf2_sha256$216000$SbkqcRkOUljt$4O1sq7d9capsC/sQZ/WBj3kxSIioGL4yG/VGqb4rw3A=", "is_superuser": true, "email": "test2211@gmail.com", "name": "test2211", "phone": "64536463643", "date_of_birth": null, "user_type": "ADMIN", "is_staff": true, "is_active": true, "date_joined": "2020-11-03T09:27:05.343Z", "last_login": null, "groups": [], "user_permissions": []}}, {"model": "accounts.user", "pk": 9, "fields": {"password": "pbkdf2_sha256$216000$1R28nbjboAF2$4FUxgm1WUFAPYafT9cThGP4CdvbNEmYmfJWcQY6gniA=", "is_superuser": false, "email": "naveen@gmail.com", "name": "Nikita", "phone": "9872635152", "date_of_birth": null, "user_type": "CUSTOMER", "is_staff": false, "is_active": true, "date_joined": "2020-11-03T09:27:26Z", "last_login": "2020-11-03T19:19:47Z", "groups": [], "user_permissions": []}}, {"model": "accounts.user", "pk": 10, "fields": {"password": "pbkdf2_sha256$216000$qkQUBUHLKxbN$os2rV7hB6Z+1TrQt8IcfXQXnXqW/Wcd6GpmWVYkByZE=", "is_superuser": false, "email": "nlgang@gmail.com", "name": "No Life Shaq", "phone": "9872635152", "date_of_birth": null, "user_type": "CUSTOMER", "is_staff": false, "is_active": true, "date_joined": "2020-11-03T19:31:00.781Z", "last_login": null, "groups": [], "user_permissions": []}}, {"model": "accounts.user", "pk": 11, "fields": {"password": "pbkdf2_sha256$216000$7X0ONaBI4QfJ$fS2cDYjeeANkX4r04TSQJLJhUb1inW/Q9Pma9VhRbiE=", "is_superuser": false, "email": "test11@gmail.com", "name": "Dinesh", "phone": "9827364516", "date_of_birth": null, "user_type": "SHOPKEEPER", "is_staff": false, "is_active": true, "date_joined": "2020-11-05T20:46:10.685Z", "last_login": null, "groups": [], "user_permissions": []}}, {"model": "accounts.user", "pk": 12, "fields": {"password": "pbkdf2_sha256$216000$cOu1CuKrewGQ$8s0shcAcVQzR0bvEcwK5j0Naf/DnLtHP68rtgNZS2tI=", "is_superuser": false, "email": "test13@gmail.com", "name": "Jignesh", "phone": "9827364518", "date_of_birth": null, "user_type": "SHOPKEEPER", "is_staff": false, "is_active": true, "date_joined": "2020-11-05T20:57:00.435Z", "last_login": null, "groups": [], "user_permissions": []}}, {"model": "accounts.user", "pk": 13, "fields": {"password": "pbkdf2_sha256$216000$M4Gpc9TXcEq8$EKVEgOZtPF6GxfYRTGguEQ2as7aahlKPTdKy0c+zCUU=", "is_superuser": false, "email": "test14@gmail.com", "name": "Paras", "phone": "9827364519", "date_of_birth": null, "user_type": "SHOPKEEPER", "is_staff": false, "is_active": true, "date_joined": "2020-11-05T20:57:01.246Z", "last_login": null, "groups": [], "user_permissions": []}}, {"model": "accounts.user", "pk": 14, "fields": {"password": "pbkdf2_sha256$216000$JEzF9Hb49DxS$IyfzDHos39GtlaWE0l/q8MxSznYzgFgMMLjml1giuMQ=", "is_superuser": false, "email": "test15@gmail.com", "name": "Navneet", "phone": "9827364520", "date_of_birth": null, "user_type": "SHOPKEEPER", "is_staff": false, "is_active": true, "date_joined": "2020-11-05T20:57:02.026Z", "last_login": null, "groups": [], "user_permissions": []}}, {"model": "accounts.user", "pk": 15, "fields": {"password": "pbkdf2_sha256$216000$xsztKog0KBlQ$X/o8QIwuYHb4m923iazZ0mNmConj6mPNw0a7mHAV+Yg=", "is_superuser": false, "email": "test16@gmail.com", "name": "Liza", "phone": "9827364521", "date_of_birth": null, "user_type": "SHOPKEEPER", "is_staff": false, "is_active": true, "date_joined": "2020-11-05T20:57:02.779Z", "last_login": null, "groups": [], "user_permissions": []}}, {"model": "accounts.user", "pk": 16, "fields": {"password": "pbkdf2_sha256$216000$8dZ5cCgcpNVh$0LXeHoykidQzKiyJP02vhYhJoFGkOe69rTbjNC6WiSc=", "is_superuser": false, "email": "test17@gmail.com", "name": "Varsha", "phone": "9827364522", "date_of_birth": null, "user_type": "SHOPKEEPER", "is_staff": false, "is_active": true, "date_joined": "2020-11-05T20:57:03.472Z", "last_login": null, "groups": [], "user_permissions": []}}, {"model": "accounts.user", "pk": 17, "fields": {"password": "pbkdf2_sha256$216000$8pfS4HtYaoPO$UEmPUUG0Cnk4lkUMOKVeRp2Q485VR/yYGUpZfu1Xh1I=", "is_superuser": false, "email": "test18@gmail.com", "name": "Anita", "phone": "9827364523", "date_of_birth": null, "user_type": "SHOPKEEPER", "is_staff": false, "is_active": true, "date_joined": "2020-11-05T20:57:04.156Z", "last_login": null, "groups": [], "user_permissions": []}}, {"model": "accounts.user", "pk": 18, "fields": {"password": "pbkdf2_sha256$216000$mQFCzqvAX8lB$z4K3QSs3dR7wdc2Kb2XQ1IWv8P3OtMaLTVWLwL3NuS4=", "is_superuser": false, "email": "test19@gmail.com", "name": "Naveen", "phone": "9827364524", "date_of_birth": null, "user_type": "SHOPKEEPER", "is_staff": false, "is_active": true, "date_joined": "2020-11-05T20:57:04.786Z", "last_login": null, "groups": [], "user_permissions": []}}, {"model": "accounts.user", "pk": 19, "fields": {"password": "pbkdf2_sha256$216000$k4UVuh91DRPa$zYyAL68hiq0SZPyXAdRHoUKcx40wXFkb2gTAHzlZyhE=", "is_superuser": false, "email": "test20@gmail.com", "name": "Sanjay", "phone": "9827364525", "date_of_birth": null, "user_type": "SHOPKEEPER", "is_staff": false, "is_active": true, "date_joined": "2020-11-05T20:57:05.470Z", "last_login": null, "groups": [], "user_permissions": []}}, {"model": "accounts.user", "pk": 20, "fields": {"password": "pbkdf2_sha256$216000$YNSzRivBoOcY$dmvUHZy+Tqjes3uDjauUPUL2Xt5ufVjnHK2pPxM2IFY=", "is_superuser": false, "email": "mark@gmail.com", "name": "Ravi", "phone": "9827364517", "date_of_birth": null, "user_type": "SHOPKEEPER", "is_staff": false, "is_active": true, "date_joined": "2020-11-05T20:57:21.854Z", "last_login": null, "groups": [], "user_permissions": []}}, {"model": "accounts.user", "pk": 25, "fields": {"password": "pbkdf2_sha256$216000$NauaCUBE67pw$piHzc3FtDeFUnXErrbOswOVXWuq80LH0n5sy3JvTMgY=", "is_superuser": false, "email": "karma@gmail.com", "name": "Karma Dichen", "phone": "8762635922", "date_of_birth": "2019-12-24", "user_type": "CUSTOMER", "is_staff": false, "is_active": true, "date_joined": "2020-11-06T10:52:26.583Z", "last_login": null, "groups": [], "user_permissions": []}}, {"model": "shopkeeperapp.category", "pk": "Books and Magazines", "fields": {"desc": null}}, {"model": "shopkeeperapp.category", "pk": "Cakes", "fields": {"desc": null}}, {"model": "shopkeeperapp.category", "pk": "Clothing", "fields": {"desc": "Clothing"}}, {"model": "shopkeeperapp.category", "pk": "Cosmetics", "fields": {"desc": null}}, {"model": "shopkeeperapp.category", "pk": "Dairy and Eggs", "fields": {"desc": "Dairy and Eggs"}}, {"model": "shopkeeperapp.category", "pk": "Electronics", "fields": {"desc": "Electronics"}}, {"model": "shopkeeperapp.category", "pk": "Gift", "fields": {"desc": null}}, {"model": "shopkeeperapp.category", "pk": "Grocery", "fields": {"desc": "Vegetables, fruits etc"}}, {"model": "shopkeeperapp.category", "pk": "Home Appliances", "fields": {"desc": null}}, {"model": "shopkeeperapp.category", "pk": "Laptops and Computers", "fields": {"desc": null}}, {"model": "shopkeeperapp.category", "pk": "Medical", "fields": {"desc": null}}, {"model": "shopkeeperapp.category", "pk": "Opticals", "fields": {"desc": "Opticals"}}, {"model": "shopkeeperapp.shopprofile", "pk": 28, "fields": {"shopid": 12, "shop_name": "Mera Kirana", "category": "Grocery", "latitude": null, "longitude": null, "ratings": 4, "is_verified": true, "free_delivery": true, "baggit_support": true, "img": ""}}, {"model": "shopkeeperapp.shopprofile", "pk": 29, "fields": {"shopid": 13, "shop_name": "Munna Electronics", "category": "Electronics", "latitude": null, "longitude": null, "ratings": 3, "is_verified": false, "free_delivery": true, "baggit_support": false, "img": ""}}, {"model": "shopkeeperapp.shopprofile", "pk": 30, "fields": {"shopid": 14, "shop_name": "Priya Groceries", "category": "Grocery", "latitude": null, "longitude": null, "ratings": 4, "is_verified": false, "free_delivery": true, "baggit_support": true, "img": ""}}, {"model": "shopkeeperapp.shopprofile", "pk": 31, "fields": {"shopid": 15, "shop_name": "Jockey Store", "category": "Clothing", "latitude": null, "longitude": null, "ratings": 4, "is_verified": true, "free_delivery": true, "baggit_support": true, "img": ""}}, {"model": "shopkeeperapp.shopprofile", "pk": 32, "fields": {"shopid": 16, "shop_name": "Gopi Dairy", "category": "Dairy and Eggs", "latitude": null, "longitude": null, "ratings": 4, "is_verified": false, "free_delivery": true, "baggit_support": true, "img": ""}}, {"model": "shopkeeperapp.shopprofile", "pk": 33, "fields": {"shopid": 17, "shop_name": "Mukesh Repair Shoppee", "category": "Electronics", "latitude": null, "longitude": null, "ratings": 5, "is_verified": false, "free_delivery": false, "baggit_support": false, "img": ""}}, {"model": "shopkeeperapp.shopprofile", "pk": 34, "fields": {"shopid": 18, "shop_name": "Agrawal Linens", "category": "Clothing", "latitude": null, "longitude": null, "ratings": 4, "is_verified": false, "free_delivery": false, "baggit_support": false, "img": ""}}, {"model": "shopkeeperapp.shopprofile", "pk": 35, "fields": {"shopid": 19, "shop_name": "Rakesh Store", "category": "Grocery", "latitude": null, "longitude": null, "ratings": 3, "is_verified": true, "free_delivery": true, "baggit_support": true, "img": ""}}, {"model": "shopkeeperapp.shopprofile", "pk": 36, "fields": {"shopid": 20, "shop_name": "Gita shop", "category": "Dairy and Eggs", "latitude": null, "longitude": null, "ratings": 3, "is_verified": false, "free_delivery": true, "baggit_support": true, "img": ""}}, {"model": "shopkeeperapp.shopprofile", "pk": 37, "fields": {"shopid": 1, "shop_name": "", "category": null, "latitude": null, "longitude": null, "ratings": null, "is_verified": false, "free_delivery": false, "baggit_support": false, "img": ""}}, {"model": "shopkeeperapp.shopprofile", "pk": 38, "fields": {"shopid": 2, "shop_name": "", "category": null, "latitude": null, "longitude": null, "ratings": null, "is_verified": false, "free_delivery": false, "baggit_support": false, "img": ""}}, {"model": "shopkeeperapp.shopitems", "pk": 1, "fields": {"shopid": 11, "item_name": "Tomato", "brand": "", "list_price": "12.00", "uom": "1kg", "discount": "0.00", "img": ""}}, {"model": "shopkeeperapp.shopitems", "pk": 2, "fields": {"shopid": 12, "item_name": "Tomato", "brand": "", "list_price": "30.00", "uom": "1kg", "discount": "0.00", "img": ""}}, {"model": "shopkeeperapp.shopitems", "pk": 3, "fields": {"shopid": 12, "item_name": "Potato", "brand": "", "list_price": "33.00", "uom": "1kg", "discount": "3.00", "img": ""}}, {"model": "shopkeeperapp.shopitems", "pk": 4, "fields": {"shopid": 12, "item_name": "Cabbage", "brand": "", "list_price": "25.00", "uom": "1kg", "discount": "5.00", "img": ""}}, {"model": "shopkeeperapp.shopitems", "pk": 5, "fields": {"shopid": 12, "item_name": "Beans", "brand": "", "list_price": "25.00", "uom": "500gms", "discount": "0.00", "img": ""}}, {"model": "shopkeeperapp.shopitems", "pk": 6, "fields": {"shopid": 12, "item_name": "Spinach", "brand": "", "list_price": "15.00", "uom": "500gms", "discount": "0.00", "img": ""}}, {"model": "shopkeeperapp.shopitems", "pk": 7, "fields": {"shopid": 12, "item_name": "Onion", "brand": "", "list_price": "55.00", "uom": "1kg", "discount": "0.00", "img": ""}}, {"model": "shopkeeperapp.shopitems", "pk": 8, "fields": {"shopid": 12, "item_name": "Cauliflower", "brand": "", "list_price": "25.00", "uom": "1kg", "discount": "0.00", "img": ""}}, {"model": "shopkeeperapp.shopitems", "pk": 9, "fields": {"shopid": 12, "item_name": "Flour", "brand": "", "list_price": "40.00", "uom": "1kg", "discount": "5.00", "img": ""}}, {"model": "shopkeeperapp.shopitems", "pk": 10, "fields": {"shopid": 12, "item_name": "Salt", "brand": "", "list_price": "10.00", "uom": "1packet", "discount": "0.00", "img": ""}}, {"model": "shopkeeperapp.shopitems", "pk": 11, "fields": {"shopid": 12, "item_name": "Sugar", "brand": "", "list_price": "25.00", "uom": "1packet", "discount": "0.00", "img": ""}}, {"model": "shopkeeperapp.shopitems", "pk": 12, "fields": {"shopid": 12, "item_name": "Peas", "brand": "", "list_price": "12.00", "uom": "500gms", "discount": "0.00", "img": ""}}, {"model": "shopkeeperapp.shopitems", "pk": 13, "fields": {"shopid": 12, "item_name": "Kolkam Rice", "brand": "", "list_price": "45.00", "uom": "1kg", "discount": "0.00", "img": ""}}, {"model": "shopkeeperapp.shopitems", "pk": 14, "fields": {"shopid": 12, "item_name": "Mustard Oil", "brand": "", "list_price": "120.00", "uom": "1ltr", "discount": "0.00", "img": ""}}, {"model": "shopkeeperapp.shopitems", "pk": 15, "fields": {"shopid": 12, "item_name": "Coconut oil", "brand": "", "list_price": "150.00", "uom": "1ltr", "discount": "10.00", "img": ""}}, {"model": "shopkeeperapp.shopitems", "pk": 16, "fields": {"shopid": 13, "item_name": "USB", "brand": "Samsumg", "list_price": "200.00", "uom": "1unit", "discount": "0.00", "img": ""}}, {"model": "shopkeeperapp.shopitems", "pk": 17, "fields": {"shopid": 13, "item_name": "USB Type-C", "brand": "Samsumg", "list_price": "250.00", "uom": "1unit", "discount": "0.00", "img": ""}}, {"model": "shopkeeperapp.shopitems", "pk": 18, "fields": {"shopid": 13, "item_name": "Battery", "brand": "Duracell", "list_price": "10.00", "uom": "1unit", "discount": "0.00", "img": ""}}, {"model": "shopkeeperapp.shopitems", "pk": 19, "fields": {"shopid": 13, "item_name": "AA Battery", "brand": "Duracell", "list_price": "12.00", "uom": "1unit", "discount": "0.00", "img": ""}}, {"model": "shopkeeperapp.shopitems", "pk": 20, "fields": {"shopid": 13, "item_name": "Tamper Glass", "brand": "GG screen", "list_price": "200.00", "uom": "1unit", "discount": "0.00", "img": ""}}, {"model": "shopkeeperapp.shopitems", "pk": 21, "fields": {"shopid": 13, "item_name": "Earphones", "brand": "Ubon", "list_price": "450.00", "uom": "1unit", "discount": "30.00", "img": ""}}, {"model": "shopkeeperapp.shopitems", "pk": 22, "fields": {"shopid": 13, "item_name": "Led light 5V", "brand": "Wipro", "list_price": "50.00", "uom": "1unit", "discount": "0.00", "img": ""}}, {"model": "shopkeeperapp.shopitems", "pk": 23, "fields": {"shopid": 13, "item_name": "Torch", "brand": "Wipro", "list_price": "500.00", "uom": "1unit", "discount": "50.00", "img": ""}}, {"model": "shopkeeperapp.shopitems", "pk": 24, "fields": {"shopid": 14, "item_name": "Salt", "brand": "", "list_price": "10.00", "uom": "1packet", "discount": "0.00", "img": ""}}, {"model": "shopkeeperapp.shopitems", "pk": 25, "fields": {"shopid": 14, "item_name": "Sugar", "brand": "", "list_price": "25.00", "uom": "1packet", "discount": "3.00", "img": ""}}, {"model": "shopkeeperapp.shopitems", "pk": 26, "fields": {"shopid": 14, "item_name": "Peas", "brand": "", "list_price": "12.00", "uom": "500gms", "discount": "5.00", "img": ""}}, {"model": "shopkeeperapp.shopitems", "pk": 27, "fields": {"shopid": 14, "item_name": "Kolkam Rice", "brand": "", "list_price": "45.00", "uom": "1kg", "discount": "0.00", "img": ""}}, {"model": "shopkeeperapp.shopitems", "pk": 28, "fields": {"shopid": 14, "item_name": "Mustard Oil", "brand": "", "list_price": "120.00", "uom": "1ltr", "discount": "0.00", "img": ""}}, {"model": "shopkeeperapp.shopitems", "pk": 29, "fields": {"shopid": 14, "item_name": "Tomato", "brand": "", "list_price": "30.00", "uom": "1kg", "discount": "0.00", "img": ""}}, {"model": "shopkeeperapp.shopitems", "pk": 30, "fields": {"shopid": 14, "item_name": "Potato", "brand": "", "list_price": "33.00", "uom": "1kg", "discount": "0.00", "img": ""}}, {"model": "shopkeeperapp.shopitems", "pk": 31, "fields": {"shopid": 14, "item_name": "Cabbage", "brand": "", "list_price": "25.00", "uom": "1kg", "discount": "5.00", "img": ""}}, {"model": "shopkeeperapp.shopitems", "pk": 32, "fields": {"shopid": 14, "item_name": "Beans", "brand": "", "list_price": "25.00", "uom": "500gms", "discount": "0.00", "img": ""}}, {"model": "shopkeeperapp.shopitems", "pk": 33, "fields": {"shopid": 14, "item_name": "Spinach", "brand": "", "list_price": "15.00", "uom": "500gms", "discount": "0.00", "img": ""}}, {"model": "shopkeeperapp.shopitems", "pk": 34, "fields": {"shopid": 14, "item_name": "Onion", "brand": "", "list_price": "55.00", "uom": "1kg", "discount": "0.00", "img": ""}}, {"model": "shopkeeperapp.shopitems", "pk": 35, "fields": {"shopid": 14, "item_name": "Cauliflower", "brand": "", "list_price": "25.00", "uom": "1kg", "discount": "0.00", "img": ""}}, {"model": "shopkeeperapp.shopitems", "pk": 36, "fields": {"shopid": 14, "item_name": "Flour", "brand": "", "list_price": "40.00", "uom": "1kg", "discount": "0.00", "img": ""}}, {"model": "shopkeeperapp.shopitems", "pk": 37, "fields": {"shopid": 14, "item_name": "Coconut oil", "brand": "", "list_price": "150.00", "uom": "1ltr", "discount": "10.00", "img": ""}}, {"model": "customerapp.addresses", "pk": 1, "fields": {"userid": 1, "address1": "Sikkim", "address2": "Pakyong", "pincode": "737192", "phone": "9877646372", "is_active": true}}, {"model": "customerapp.addresses", "pk": 2, "fields": {"userid": 1, "address1": "West Bengal", "address2": "Kalimpong, Pudung", "pincode": "987221", "phone": "9786453645", "is_active": false}}]